name,sample,variants
mmm-artic-ill-s11511-1,s11511,"G204T,C241T,T445C,C1758T,C3037T,C5575T,C6286T,G7042T,C11518T,C11962T,C14408T,A15753G,A19655G,G21255C,C21614T,C22227T,A23403G,G23611A,C24767T,C26801G,T27182C,C27944T,C28932T,G29645T"
mmm-artic-ont-s11511-1,s11511,"G204T,C241T,T445C,C1758T,C3037T,C5575T,C6286T,G7042T,C11518T,C11962T,C14408T,A15753G,A19655G,G21255C,C21614T,C22227T,A23403G,G23611A,C24767T,C26801G,T27182C,C27944T,C28932T,G29645T"
mmm-sispa-ill-s11511-2,s11511,"G204T,C241T,T445C,C1758T,C3037T,C5575T,C6286T,G7042T,C11518T,C11962T,C14408T,A15753G,A19655G,G21255C,C21614T,C22227T,A23403G,G23611A,C24767T,C26801G,T27182C,C27944T,C28932T,G29645T"
mmm-sispa-ont-s11511-2,s11511,"G204T,C241T,T445C,C1758T,C3037T,C5575T,C6286T,G7042T,C11518T,C11962T,C14408T,A15753G,A19655G,G21255C,C21614T,C22227T,A23403G,G23611A,C24767T,C26801G,T27182C,C27944T,C28932T,G29645T"
mmm-artic-ill-s12220-1,s12220,"G204T,C241T,T445C,C1625T,C3037T,G4454T,C6286T,C14408T,C15480T,G21255C,C21614T,C22227T,A23403G,C24138T,C26801G,C27944T,C28932T,G29645T"
mmm-artic-ont-s12220-4,s12220,"G204T,C241T,T445C,C1625T,C3037T,G4454T,C6286T,C14408T,C15480T,G21255C,C21614T,C22227T,A23403G,C24138T,C26801G,C27944T,C28932T,G29645T"
mmm-sispa-ill-s12220-2,s12220,"T2C,C44T,G204T,C241T,T445C,C1625T,C3037T,G4454T,C6286T,C14408T,C15480T,G21255C,C21614T,C22227T,A23403G,C24138T,C26801G,C27944T,C28932T,G29645T"
mmm-sispa-ont-s12220-1,s12220,"C44T,G204T,C241T,T445C,C1625T,C3037T,G4454T,C6286T,C14408T,C15480T,G21255C,C21614T,C22227T,A23403G,C24138T,C26801G,C27944T,C28932T,G29645T"
mmm-artic-ill-s12368-1,s12368,"C100T,C241T,C3037T,G3340T,T10667G,G11335T,C11824T,C12053T,C12076T,A12964G,C14408T,G23012A,A23403G,G25088T,C28253T,G28628T,G28881A,G28882A,G28883C,G28975T,C29754T"
mmm-artic-ont-s12368-1,s12368,"C100T,C241T,C3037T,G3340T,T10667G,G11335T,C11824T,C12053T,C12076T,A12964G,C14408T,G23012A,A23403G,G25088T,C28253T,G28628T,G28881A,G28882A,G28883C,G28975T,C29754T"
mmm-sispa-ill-s12368-2,s12368,"C100T,C241T,C3037T,G3340T,T10667G,G11335T,C11824T,C12053T,C12076T,A12964G,C14408T,G23012A,A23403G,G25088T,C28253T,G28628T,G28881A,G28882A,G28883C,G28975T,C29754T"
mmm-sispa-ont-s12368-3,s12368,"C100T,C241T,C3037T,G3340T,T10667G,G11335T,C11824T,C12053T,C12076T,A12964G,C14408T,G23012A,A23403G,G25088T,G28881A,G28882A,G28883C,G28975T,C29754T"
mmm-artic-ill-s16621-1,s16621,"C241T,C913T,C3037T,C3177T,C3267T,C5388A,A5715G,C5986T,T6954C,GTCTGGTTTT11287G,C14408T,C14676T,C15279T,T16176C,ATACATG21764A,TTTA21990T,A23063T,C23271A,A23403G,C23604A,C23709T,T24506G,G24914C,C27972T,G28048T,A28111G,TA28270T,G28280C,A28281T,T28282A,G28881A,G28882A,G28883C,C28977T"
mmm-artic-ont-s16621-3,s16621,"C241T,C913T,C3037T,C3177T,C3267T,C5388A,A5715G,C5986T,T6954C,GTCTGGTTTT11287G,C14408T,C14676T,C15279T,T16176C,ATACATG21764A,TTTA21990T,A23063T,C23271A,A23403G,C23604A,C23709T,T24506G,G24914C,C27972T,G28048T,A28111G,TA28270T,G28280C,A28281T,T28282A,G28881A,G28882A,G28883C,C28977T"
mmm-sispa-ill-s16621-1,s16621,"C241T,C913T,C3037T,C3177T,C3267T,C5388A,A5715G,C5986T,T6954C,GTCTGGTTTT11287G,C14408T,C14676T,C15279T,T16176C,ATACATG21764A,TTTA21990T,A23063T,C23271A,A23403G,C23604A,C23709T,T24506G,G24914C,C27972T,G28048T,A28111G,TA28270T,G28280C,A28281T,T28282A,G28881A,G28882A,G28883C,C28977T"
mmm-sispa-ont-s16621-2,s16621,"C241T,C913T,C3037T,C3177T,C3267T,C5388A,A5715G,C5986T,T6954C,GTCTGGTTTT11287G,C14408T,C14676T,C15279T,T16176C,ATACATG21764A,TTTA21990T,A23063T,C23271A,A23403G,C23604A,C23709T,T24506G,G24914C,C27972T,G28048T,A28111G,TA28270T,G28280C,A28281T,T28282A,G28881A,G28882A,G28883C,C28977T"
mmm-artic-ill-s24350-3,s24350,"C241T,T733C,C2749T,C3037T,C3828T,A5648C,A6319G,A6613G,C10582T,GTCTGGTTTT11287G,C11454T,C12778T,C13860T,C14408T,G17259T,C21614T,C21621A,C21638T,C21642T,G21974T,G22132T,A22812C,G23012A,A23063T,A23403G,C23525T,C24642T,G25088T,T26149C,G28167A,G28262GAACA,C28512G,A28877T,G28878C,G28881A,G28882A,G28883C,T29834A"
mmm-artic-ont-s24350-1,s24350,"C241T,T733C,C2749T,C3037T,C3828T,A5648C,A6319G,A6613G,C10582T,GTCTGGTTTT11287G,C11454T,C12778T,C13860T,C14408T,G17259T,C21614T,C21621A,C21638T,C21642T,G21974T,G22132T,A22812C,G23012A,A23063T,A23403G,C23525T,C24642T,G25088T,T26149C,G28167A,G28262GAACA,C28512G,A28877T,G28878C,G28881A,G28882A,G28883C,T29834A"
mmm-sispa-ill-s24350-1,s24350,"C241T,T733C,C2749T,C3037T,C3828T,A5648C,A6319G,A6613G,C10582T,GTCTGGTTTT11287G,C11454T,C12778T,C13860T,C14408T,G17259T,C21614T,C21621A,C21638T,C21642T,G21974T,G22132T,A22812C,G23012A,A23063T,A23403G,C23525T,C24642T,G25088T,T26149C,G28167A,G28262GAACA,C28512G,A28877T,G28878C,G28881A,G28882A,G28883C,T29834A,T29858A"
mmm-sispa-ont-s24350-1,s24350,"C241T,T733C,C2749T,C3037T,C3828T,A5648C,A6319G,A6613G,C10582T,GTCTGGTTTT11287G,C11454T,C12778T,C13860T,C14408T,G17259T,C21614T,C21621A,C21638T,C21642T,G21974T,G22132T,A22812C,G23012A,A23063T,A23403G,C23525T,C24642T,G25088T,T26149C,G28167A,C28512G,A28877T,G28878C,G28881A,G28882A,G28883C,T29834A,T29858A"
mmm-artic-ill-s32219-2,s32219,"G174T,C241T,C1059T,A2692T,C3037T,C4202T,G5230T,T6106C,C9344T,A10323G,GTCTGGTTTT11287G,C14408T,C16393T,A21801C,A22206G,ACTTTACTTG22280A,G22813T,A23403G,C23664T,G25563T,C25904T,C26456T,T27193C,C28253T,C28887T"
mmm-artic-ont-s32219-1,s32219,"G174T,C241T,C1059T,A2692T,C3037T,C4202T,G5230T,T6106C,C9344T,A10323G,GTCTGGTTTT11287G,C14408T,C16393T,A21801C,A22206G,ACTTTACTTG22280A,G22813T,G23012A,A23063T,A23403G,C23664T,G25563T,C25904T,C26456T,T27193C,C28253T,C28887T"
mmm-sispa-ont-s32219-2,s32219,"G174T,C241T,C1059T,A2692T,C3037T,C4202T,G5230T,T6106C,C9344T,A10323G,GTCTGGTTTT11287G,C14408T,C16393T,A21801C,A22206G,ACTTTACTTG22280A,G22813T,G23012A,A23063T,A23403G,C23664T,G25563T,C25904T,C26456T,T27193C,C28253T,C28887T"
phe-sispa-ill-s32219-1,s32219,"G174T,C241T,C1059T,A2692T,C3037T,C4202T,G5230T,T6106C,C9344T,A10323G,GTCTGGTTTT11287G,C14408T,C16393T,A21801C,A22206G,ACTTTACTTG22280A,G22813T,G23012A,A23063T,A23403G,C23664T,G25563T,C25904T,C26456T,T27193C,C28253T,C28887T"
mmm-artic-ill-s53667-1,s53667,"C241T,T1363A,C3037T,T7767C,C8047T,C10645T,G11557T,G12988T,C14408T,G15598A,C17104T,C17740T,G18028T,A20268G,C20451T,ATACATG21764A,C22879A,A23403G,T24910C,G25606T,C26313T,T26972C,C27800A,G29734C"
mmm-artic-ont-s53667-1,s53667,"C241T,T1363A,C3037T,T7767C,C8047T,C10645T,G11557T,G12988T,C14408T,G15598A,C17104T,C17740T,G18028T,A20268G,C20451T,ATACATG21764A,C22879A,A23403G,T24910C,G25606T,C26313T,T26972C,C27800A,G29734C"
mmm-sispa-ill-s53667-2,s53667,"C241T,T1363A,C3037T,T7767C,C8047T,C10645T,G11557T,G12988T,C14408T,G15598A,C17104T,C17740T,G18028T,A20268G,C20451T,ATACATG21764A,C22879A,A23403G,T24910C,G25606T,C26313T,T26972C,C27800A,G29734C"
mmm-sispa-ont-s53667-1,s53667,"C241T,T1363A,C3037T,T7767C,C8047T,C10645T,G11557T,G12988T,C14408T,G15598A,C17104T,C17740T,G18028T,A20268G,C20451T,ATACATG21764A,C22879A,A23403G,T24910C,G25606T,C26313T,T26972C,C27800A,G29734C"
mmm-artic-ill-s59130-3,s59130,"C241T,T733C,C2749T,C3037T,C3828T,A5648C,A6319G,A6613G,GTCTGGTTTT11287G,C12778T,C13860T,C14408T,G17259T,C21614T,C21621A,C21638T,G21974T,G22132T,A22812C,G23012A,A23063T,A23403G,C23525T,C24642T,G25088T,T26149C,G28167A,G28262GAACA,C28512G,CAGTAGGGGAACTTCTCCT28876C,G28895T,T29834A"
mmm-artic-ont-s59130-1,s59130,"C241T,T733C,C2749T,C3037T,C3828T,A5648C,A6319G,A6613G,GTCTGGTTTT11287G,C12778T,C13860T,C14408T,G17259T,C21614T,C21621A,C21638T,G21974T,G22132T,A22812C,G23012A,A23063T,A23403G,C23525T,C24642T,G25088T,T26149C,G28167A,G28262GAACA,C28512G,CAGTAGGGGAACTTCTCCT28876C,G28895T,T29834A"
mmm-sispa-ill-s59130-3,s59130,"C241T,T733C,C2749T,C3037T,C3828T,A5648C,A6319G,A6613G,GTCTGGTTTT11287G,C12778T,C13860T,C14408T,G17259T,C21614T,C21621A,C21638T,G21974T,G22132T,A22812C,G23012A,A23063T,A23403G,C23525T,C24642T,G25088T,T26149C,G28167A,C28512G,CAGTAGGGGAACTTCTCCT28876C,G28895T,T29834A,T29858A"
mmm-sispa-ont-s59130-3,s59130,"C241T,T733C,C2749T,C3037T,C3828T,A5648C,A6319G,A6613G,GTCTGGTTTT11287G,C12778T,C13860T,C14408T,G17259T,C21614T,C21621A,C21638T,G21974T,G22132T,A22812C,G23012A,A23063T,A23403G,C23525T,C24642T,G25088T,T26149C,G28167A,C28512G,CAGTAGGGGAACTTCTCCT28876C,G28895T,T29834A,T29858A"
mmm-artic-ill-s64379-3,s64379,"C100T,C241T,C3037T,G3340T,T10667G,G11335T,C11824T,C12053T,C12076T,A12964G,C14408T,G23012A,A23403G,G25088T,C28253T,G28628T,G28881A,G28882A,G28883C,G28975T,C29754T"
mmm-artic-ont-s64379-1,s64379,"C100T,C241T,C3037T,G3340T,T10667G,G11335T,C11824T,C12053T,C12076T,A12964G,C14408T,G23012A,A23403G,G25088T,C28253T,G28628T,G28881A,G28882A,G28883C,G28975T,C29754T"
mmm-sispa-ill-s64379-3,s64379,"C100T,C241T,C3037T,G3340T,T10667G,G11335T,C11824T,C12053T,C12076T,A12964G,C14408T,G23012A,A23403G,G25088T,C28253T,G28628T,G28881A,G28882A,G28883C,G28975T,C29754T"
mmm-sispa-ont-s64379-3,s64379,"C100T,C241T,C3037T,G3340T,T10667G,G11335T,C11824T,C12053T,C12076T,A12964G,C14408T,G23012A,A23403G,G25088T,C28253T,G28628T,G28881A,G28882A,G28883C,G28975T,C29754T"
mmm-artic-ill-s71898-2,s71898,"C241T,A408G,T445C,G2764T,C3037T,C6286T,C9073T,C14408T,G21255C,C22088T,C22227T,A23403G,C26801G,C28932T,G29645T,C29686T"
mmm-artic-ont-s71898-1,s71898,"C241T,A408G,T445C,G2764T,C3037T,C6286T,C9073T,C14408T,G21255C,C22088T,C22227T,A23403G,C26801G,C28932T,G29645T,C29686T"
mmm-sispa-ill-s71898-1,s71898,"C241T,A408G,T445C,G2764T,C3037T,C6286T,C9073T,C14408T,G21255C,C22088T,C22227T,A23403G,C26801G,C28932T,G29645T,C29686T"
mmm-sispa-ont-s71898-2,s71898,"C241T,A408G,T445C,G2764T,C3037T,C6286T,C9073T,C14408T,G21255C,C22088T,C22227T,A23403G,C26801G,C28932T,G29645T,C29686T"
mmm-artic-ill-s82718-1,s82718,"C241T,C913T,C3037T,C3261T,C3267T,C5388A,C5986T,C6633T,T6954C,GTCTGGTTTT11287G,G11417A,C14408T,C14676T,C15279T,T16176C,A17615G,A19079G,C19854T,ATACATG21764A,TTTA21990T,A23063T,C23271A,A23403G,C23604A,C23709T,T24506G,G24914C,C27972T,G28048T,A28111G,TA28270T,G28280C,A28281T,T28282A,G28881A,G28882A,G28883C,C28977T"
mmm-artic-ont-s82718-2,s82718,"C241T,C913T,C3037T,C3261T,C3267T,C5388A,C5986T,C6633T,T6954C,GTCTGGTTTT11287G,G11417A,C14408T,C14676T,C15279T,T16176C,A17615G,A19079G,C19854T,ATACATG21764A,TTTA21990T,A23063T,C23271A,A23403G,C23604A,C23709T,T24506G,G24914C,C27972T,G28048T,A28111G,TA28270T,G28280C,A28281T,T28282A,G28881A,G28882A,G28883C,C28977T"
phe-sispa-ill-s82718-1,s82718,"C241T,C913T,C3037T,C3261T,C3267T,C5388A,C5986T,C6633T,T6954C,GTCTGGTTTT11287G,C14408T,C14676T,C15279T,T16176C,A17615G,A19079G,C19854T,ATACATG21764A,TTTA21990T,A23063T,C23271A,A23403G,C23604A,C23709T,T24506G,G24914C,C27972T,G28048T,A28111G,TA28270T,G28280C,A28281T,T28282A,G28881A,G28882A,G28883C,C28977T"
phe-sispa-ont-s82718-1,s82718,"C241T,C913T,C3037T,C3261T,C3267T,C5388A,C5986T,C6633T,T6954C,GTCTGGTTTT11287G,C14408T,C14676T,C15279T,T16176C,A17615G,A19079G,C19854T,ATACATG21764A,TTTA21990T,A23063T,C23271A,A23403G,C23604A,C23709T,T24506G,G24914C,C27972T,G28048T,A28111G,TA28270T,G28280C,A28281T,T28282A,G28881A,G28882A,G28883C,C28977T"
mmm-artic-ill-s98244-3,s98244,"C241T,T733C,C2749T,C3037T,C3828T,A5648C,A6319G,A6613G,GTCTGGTTTT11287G,C12778T,C13860T,C14408T,G17259T,C21614T,C21621A,C21638T,G21974T,G22132T,A22812C,G23012A,A23063T,A23403G,C23525T,C24642T,G25088T,T26149C,G28167A,G28262GAACA,C28512G,GCAGTAGGGGAACTTCTC28875G,TG28894T,T29834A"
mmm-artic-ont-s98244-1,s98244,"C241T,T733C,C2749T,C3037T,C3828T,A5648C,A6319G,A6613G,GTCTGGTTTT11287G,C12778T,C13860T,C14408T,G17259T,C21614T,C21621A,C21638T,G21974T,G22132T,A22812C,G23012A,A23063T,A23403G,C23525T,C24642T,G25088T,T26149C,G28167A,G28262GAACA,C28512G,GCAGTAGGGGAACTTCTC28875G,TG28894T,T29834A"
mmm-sispa-ill-s98244-1,s98244,"C241T,T733C,C2749T,C3037T,C3828T,A5648C,A6319G,A6613G,GTCTGGTTTT11287G,C12778T,C13860T,C14408T,G17259T,C21614T,C21621A,C21638T,G21974T,G22132T,A22812C,G23012A,A23063T,A23403G,C23525T,C24642T,G25088T,T26149C,G28167A,C28512G,GCAGTAGGGGAACTTCTC28875G,TG28894T,T29834A,T29858A"
mmm-sispa-ont-s98244-3,s98244,"C241T,T733C,C2749T,C3037T,C3828T,A5648C,A6319G,A6613G,GTCTGGTTTT11287G,C12778T,C13860T,C14408T,G17259T,C21614T,C21621A,C21638T,G21974T,G22132T,A22812C,G23012A,A23063T,A23403G,C23525T,C24642T,G25088T,T26149C,G28167A,C28512G,GCAGTAGGGGAACTTCTC28875G,TG28894T,T29834A,T29858A"
